{
  "r2_score": 0.84903,
  "mse": 0.37258,
  "mae": 0.38895,
  "train": [
    [
      85.9,
      85.66719055175781
    ],
    [
      86.3,
      86.70362091064453
    ],
    [
      81.7,
      82.19144439697266
    ],
    [
      82.9,
      83.26541900634766
    ],
    [
      83.2,
      83.35540008544922
    ],
    [
      83.6,
      83.83824920654297
    ],
    [
      86.1,
      86.65531158447266
    ],
    [
      84.7,
      84.62928771972656
    ],
    [
      84.9,
      84.95507049560547
    ],
    [
      85.9,
      85.66719055175781
    ]
  ],
  "test": [
    [
      83.7,
      83.82788848876953
    ],
    [
      86.64,
      85.2801742553711
    ],
    [
      82.6,
      82.59476470947266
    ],
    [
      84.7,
      84.57536315917969
    ],
    [
      84.1,
      83.87450408935547
    ],
    [
      86.9,
      86.97325897216797
    ],
    [
      86.6,
      86.33192443847656
    ],
    [
      86.1,
      86.88927459716797
    ],
    [
      82.9,
      83.26592254638672
    ],
    [
      86.7,
      84.39981842041016
    ]
  ]
}