{"r2_score": 0.92413, "mse": 0.18725, "mae": 0.40203, "train": [[85.9, 85.566162109375], [86.3, 85.75617980957031], [81.7, 81.32017517089844], [82.9, 82.43299865722656], [83.2, 82.87247467041016], [83.6, 83.17627716064453], [86.1, 85.83777618408203], [84.7, 84.3843002319336], [84.9, 84.8456802368164], [85.9, 85.566162109375]], "test": [[83.7, 83.1954345703125], [86.64, 86.55618286132812], [82.6, 82.09407043457031], [84.7, 84.36831665039062], [84.1, 83.67219543457031], [86.9, 86.472412109375], [86.6, 86.48538970947266], [86.1, 85.50041198730469], [82.9, 82.4364242553711], [86.7, 86.68345642089844]]}