{"r2_score": 0.98692, "mse": 0.03273, "mae": 0.10089, "train": [[86.3, 86.42666625976562], [85.4, 85.4494857788086], [82.7, 82.58473205566406], [85.6, 85.51172637939453], [85.24, 85.1531753540039], [82.5, 82.47640228271484], [84.7, 84.77458953857422], [85.4, 85.45105743408203], [85.4, 85.45304107666016], [81.7, 81.7597885131836]], "test": [[83.7, 83.63207244873047], [86.64, 86.58776092529297], [82.6, 82.5020523071289], [84.7, 84.7795639038086], [84.1, 84.09076690673828], [86.9, 86.91207122802734], [86.6, 86.61165618896484], [86.1, 86.20304107666016], [82.9, 82.93115997314453], [86.7, 86.96138763427734]]}