{"r2_score": 0.80968, "mse": 0.47629, "mae": 0.3044, "train": [[86.3, 86.32730102539062], [85.4, 85.67073059082031], [82.7, 82.65740203857422], [85.6, 85.54336547851562], [85.24, 85.11772155761719], [82.5, 82.53878021240234], [84.7, 84.75477600097656], [85.4, 85.66829681396484], [85.4, 85.71604919433594], [81.7, 81.78166198730469]], "test": [[83.7, 83.87755584716797], [86.64, 84.9957275390625], [82.6, 83.47954559326172], [84.7, 84.79048156738281], [84.1, 83.96560668945312], [86.9, 87.808837890625], [86.6, 86.82966613769531], [86.1, 86.36972045898438], [82.9, 83.06461334228516], [86.7, 83.26908874511719]]}