{"r2_score": 0.97001, "mse": 0.074, "mae": 0.2448, "train": [[85.9, 86.08462524414062], [86.3, 86.4997329711914], [81.7, 82.05667877197266], [82.9, 83.2648696899414], [83.2, 83.59841918945312], [83.6, 83.90007781982422], [86.1, 86.44953155517578], [84.7, 84.92418670654297], [84.9, 85.33928680419922], [85.9, 86.08462524414062]], "test": [[83.7, 83.88067626953125], [86.64, 86.97431182861328], [82.6, 82.74907684326172], [84.7, 84.94398498535156], [84.1, 84.27178955078125], [86.9, 87.10062408447266], [86.6, 87.0168685913086], [86.1, 86.30326843261719], [82.9, 83.26113891601562], [86.7, 86.99530792236328]]}