{"r2_score": 0.99611, "mse": 0.00959, "mae": 0.08176, "train": [[85.9, 85.83497526372041], [86.3, 86.28077930733566], [81.7, 81.69817613602261], [82.9, 82.90179554067737], [83.2, 83.30151450293953], [83.6, 83.61600314983563], [86.1, 86.21598206322744], [84.7, 84.71409455684972], [84.9, 85.07319496158102], [85.9, 85.83497526372041]], "test": [[83.7, 83.63512045431443], [86.64, 86.69565176824007], [82.6, 82.58473478483033], [84.7, 84.79467845012786], [84.1, 84.12272623839576], [86.9, 86.82034776382937], [86.6, 86.69179807431593], [86.1, 86.12240554037383], [82.9, 82.90136249547317], [86.7, 86.83806256542138]]}