{"r2_score": 0.99502, "mse": 0.01247, "mae": 0.09035, "train": [[86.3, 86.28016397906987], [85.4, 85.44531095939224], [82.7, 82.59981022662585], [85.6, 85.52069860160861], [85.24, 85.17934873082845], [82.5, 82.58854867227808], [84.7, 84.74712045899402], [85.4, 85.4474301943623], [85.4, 85.40898799528232], [81.7, 81.70649362067947]], "test": [[83.7, 83.59975098434421], [86.64, 86.70749726059498], [82.6, 82.61120676832296], [84.7, 84.77579574764995], [84.1, 84.08096594263469], [86.9, 86.80545302920436], [86.6, 86.71324549053034], [86.1, 86.05149690140225], [82.9, 82.92653180321963], [86.7, 86.82326582046831]]}