{"r2_score": 0.99488, "mse": 0.01263, "mae": 0.08989, "train": [[85.9, 85.89794355902202], [86.3, 86.2209502448624], [81.7, 81.70319454149283], [82.9, 82.93457197066843], [83.2, 83.32403342739197], [83.6, 83.6186206454499], [86.1, 86.18503465071491], [84.7, 84.68698025434789], [84.9, 85.11681101430099], [85.9, 85.89794355902202]], "test": [[83.7, 83.59633017867671], [86.64, 86.65736846701218], [82.6, 82.6435690034147], [84.7, 84.77499700815083], [84.1, 84.07486183762471], [86.9, 86.83550807808327], [86.6, 86.67436854365937], [86.1, 86.16200905223334], [82.9, 82.93218567541452], [86.7, 86.84863050330091]]}