{"r2_score": 0.99723, "mse": 0.00693, "mae": 0.05805, "train": [[86.3, 86.30233764648438], [85.4, 85.43978881835938], [82.7, 82.70501708984375], [85.6, 85.57920837402344], [85.24, 85.17510223388672], [82.5, 82.50556945800781], [84.7, 84.74327087402344], [85.4, 85.43231964111328], [85.4, 85.40328979492188], [81.7, 81.69579315185547]], "test": [[83.7, 83.67473602294922], [86.64, 86.64209747314453], [82.6, 82.6083984375], [84.7, 84.78937530517578], [84.1, 84.10152435302734], [86.9, 86.90039825439453], [86.6, 86.64915466308594], [86.1, 86.05380249023438], [82.9, 82.87757110595703], [86.7, 86.78744506835938]]}