{"r2_score": -1.825, "mse": 6.97194, "mae": 1.89162, "train": [[85.9, 88.30720520019531], [86.3, 90.64125061035156], [81.7, 82.71431732177734], [82.9, 80.43263244628906], [83.2, 81.84221649169922], [83.6, 81.34902954101562], [86.1, 89.68429565429688], [84.7, 85.35353088378906], [84.9, 87.65229797363281], [85.9, 88.30720520019531]], "test": [[83.7, 82.30172729492188], [86.64, 78.72242736816406], [82.6, 83.79339599609375], [84.7, 84.5269546508789], [84.1, 83.82050323486328], [86.9, 80.53749084472656], [86.6, 80.04019165039062], [86.1, 85.694580078125], [82.9, 80.53709411621094], [86.7, 77.22190856933594]]}