{"r2_score": 0.98909, "mse": 0.02693, "mae": 0.13277, "train": [[85.9, 85.78199005126953], [86.3, 86.11083221435547], [81.7, 81.61493682861328], [82.9, 82.7942123413086], [83.2, 83.23871612548828], [83.6, 83.52631378173828], [86.1, 86.08414459228516], [84.7, 84.62230682373047], [84.9, 85.03227996826172], [85.9, 85.78199005126953]], "test": [[83.7, 83.4909439086914], [86.64, 86.64473724365234], [82.6, 82.36844635009766], [84.7, 84.69878387451172], [84.1, 84.00545501708984], [86.9, 86.77304077148438], [86.6, 86.6583023071289], [86.1, 86.1025619506836], [82.9, 82.78913116455078], [86.7, 86.77998352050781]]}