{"r2_score": 0.99726, "mse": 0.00687, "mae": 0.05108, "train": [[86.3, 86.30000000000007], [85.4, 85.41099999999986], [82.7, 82.69999999999987], [85.6, 85.60000000000015], [85.24, 85.20859999999988], [82.5, 82.5], [84.7, 84.75799999999988], [85.4, 85.40799999999984], [85.4, 85.38299999999988], [81.7, 81.69999999999986]], "test": [[83.7, 83.69799999999991], [86.64, 86.71299999999992], [82.6, 82.61900000000009], [84.7, 84.75899999999997], [84.1, 84.11100000000002], [86.9, 86.89999999999984], [86.6, 86.69099999999995], [86.1, 86.08780000000013], [82.9, 82.9303999999999], [86.7, 86.76680000000002]]}