{"r2_score": 0.99734, "mse": 0.00657, "mae": 0.04982, "train": [[85.9, 85.89530315757175], [86.3, 86.30000000000007], [81.7, 81.69999999999986], [82.9, 82.91049999999989], [83.2, 83.23999999999991], [83.6, 83.61200000000012], [86.1, 86.10200000000015], [84.7, 84.69999999999989], [84.9, 84.97199999999992], [85.9, 85.89530315757175]], "test": [[83.7, 83.69999999999989], [86.64, 86.71399999999994], [82.6, 82.60000000000015], [84.7, 84.75999999999996], [84.1, 84.12400000000004], [86.9, 86.89999999999984], [86.6, 86.68999999999993], [86.1, 86.07890000000012], [82.9, 82.91519999999987], [86.7, 86.74959999999999]]}