{"r2_score": 0.99727, "mse": 0.00682, "mae": 0.05102, "train": [[86.3, 86.30000000000007], [85.4, 85.40799999999986], [82.7, 82.69999999999987], [85.6, 85.60000000000015], [85.24, 85.17699999999985], [82.5, 82.5], [84.7, 84.7559999999999], [85.4, 85.40999999999987], [85.4, 85.37399999999992], [81.7, 81.69999999999986]], "test": [[83.7, 83.6959999999999], [86.64, 86.70899999999992], [82.6, 82.61200000000014], [84.7, 84.75399999999996], [84.1, 84.12799999999999], [86.9, 86.89999999999984], [86.6, 86.69099999999995], [86.1, 86.08900000000014], [82.9, 82.92799999999988], [86.7, 86.76860000000002]]}