{"r2_score": 0.99707, "mse": 0.00723, "mae": 0.0652, "train": [[85.9, 85.88494110107422], [86.3, 86.3521957397461], [81.7, 81.68917083740234], [82.9, 82.8730239868164], [83.2, 83.31292724609375], [83.6, 83.6307601928711], [86.1, 86.1090087890625], [84.7, 84.71857452392578], [84.9, 85.11785888671875], [85.9, 85.88494110107422]], "test": [[83.7, 83.63339233398438], [86.64, 86.69951629638672], [82.6, 82.62908935546875], [84.7, 84.76404571533203], [84.1, 84.07563781738281], [86.9, 86.89066314697266], [86.6, 86.68899536132812], [86.1, 86.10011291503906], [82.9, 82.86715698242188], [86.7, 86.81311798095703]]}